,EffectiveTemperature(Teff)(K),Luminosity(L/Lo),Radius(R/Ro),Diameter(D/Do),Volume(V/Vo),SurfaceArea(SA/SAo),GreatCircleCircumference(GCC/GCCo),GreatCircleArea(GCA/GCAo)
34399,5945.1655,0.5349040141820751,0.689,0.689,0.3270827689999999,0.4747209999999999,0.689,0.4747209999999999
14935,4756.0728,0.099702909268923,0.4648,0.4648,0.100414945792,0.21603904,0.4648,0.21603904
62160,4375.8677,0.0577817796070371,0.418,0.418,0.0730346319999999,0.174724,0.418,0.174724
80097,5053.5615,0.1934136923875893,0.5734,0.5734,0.188526786904,0.32878756,0.5734,0.32878756
69760,4835.725,3.7993601388389826,2.7755,2.7755,21.380787393875003,7.70340025,2.7755,7.70340025
32394,4841.162,0.0953488258156586,0.4387,0.4387,0.0844311886029999,0.19245769,0.4387,0.19245769
69607,4752.87,5.326893068834215,3.402,3.402,39.37340080800001,11.573604,3.402,11.573604
1702,5271.8545,1.6183118183738512,1.5241,1.5241,3.540302642521,2.32288081,1.5241,2.32288081